segment_type,start_change_direction,end_change_direction,normalized_percent,segment_count,avg_knee_angle_deg,avg_torso_inclination_abs_deg,avg_neck_inclination_abs_deg
baja_a_sube|sube_a_baja,baja_a_sube,sube_a_baja,0,5,82.22,36.86,61.65
baja_a_sube|sube_a_baja,baja_a_sube,sube_a_baja,1,5,82.48,36.9,61.63
baja_a_sube|sube_a_baja,baja_a_sube,sube_a_baja,2,5,82.75,36.94,61.61
baja_a_sube|sube_a_baja,baja_a_sube,sube_a_baja,3,5,83.05,36.98,61.61
baja_a_sube|sube_a_baja,baja_a_sube,sube_a_baja,4,5,83.4,37.03,61.6
baja_a_sube|sube_a_baja,baja_a_sube,sube_a_baja,5,5,83.78,37.08,61.59
baja_a_sube|sube_a_baja,baja_a_sube,sube_a_baja,6,5,84.19,37.13,61.6
baja_a_sube|sube_a_baja,baja_a_sube,sube_a_baja,7,5,84.62,37.19,61.59
baja_a_sube|sube_a_baja,baja_a_sube,sube_a_baja,8,5,85.07,37.24,61.58
baja_a_sube|sube_a_baja,baja_a_sube,sube_a_baja,9,5,85.54,37.29,61.54
baja_a_sube|sube_a_baja,baja_a_sube,sube_a_baja,10,5,86.02,37.34,61.51
baja_a_sube|sube_a_baja,baja_a_sube,sube_a_baja,11,5,86.53,37.38,61.46
baja_a_sube|sube_a_baja,baja_a_sube,sube_a_baja,12,5,87.05,37.42,61.41
baja_a_sube|sube_a_baja,baja_a_sube,sube_a_baja,13,5,87.6,37.46,61.35
baja_a_sube|sube_a_baja,baja_a_sube,sube_a_baja,14,5,88.17,37.5,61.28
baja_a_sube|sube_a_baja,baja_a_sube,sube_a_baja,15,5,88.77,37.54,61.19
baja_a_sube|sube_a_baja,baja_a_sube,sube_a_baja,16,5,89.41,37.57,61.09
baja_a_sube|sube_a_baja,baja_a_sube,sube_a_baja,17,5,90.1,37.6,60.98
baja_a_sube|sube_a_baja,baja_a_sube,sube_a_baja,18,5,90.88,37.62,60.89
baja_a_sube|sube_a_baja,baja_a_sube,sube_a_baja,19,5,91.73,37.63,60.79
baja_a_sube|sube_a_baja,baja_a_sube,sube_a_baja,20,5,92.61,37.64,60.67
baja_a_sube|sube_a_baja,baja_a_sube,sube_a_baja,21,5,93.58,37.63,60.56
baja_a_sube|sube_a_baja,baja_a_sube,sube_a_baja,22,5,94.57,37.61,60.44
baja_a_sube|sube_a_baja,baja_a_sube,sube_a_baja,23,5,95.6,37.58,60.32
baja_a_sube|sube_a_baja,baja_a_sube,sube_a_baja,24,5,96.67,37.54,60.17
baja_a_sube|sube_a_baja,baja_a_sube,sube_a_baja,25,5,97.75,37.49,60.02
baja_a_sube|sube_a_baja,baja_a_sube,sube_a_baja,26,5,98.87,37.43,59.87
baja_a_sube|sube_a_baja,baja_a_sube,sube_a_baja,27,5,100.03,37.35,59.73
baja_a_sube|sube_a_baja,baja_a_sube,sube_a_baja,28,5,101.19,37.27,59.6
baja_a_sube|sube_a_baja,baja_a_sube,sube_a_baja,29,5,102.35,37.17,59.47
baja_a_sube|sube_a_baja,baja_a_sube,sube_a_baja,30,5,103.55,37.08,59.47
baja_a_sube|sube_a_baja,baja_a_sube,sube_a_baja,31,5,104.74,36.97,59.46
baja_a_sube|sube_a_baja,baja_a_sube,sube_a_baja,32,5,105.94,36.85,59.45
baja_a_sube|sube_a_baja,baja_a_sube,sube_a_baja,33,5,107.17,36.73,59.47
baja_a_sube|sube_a_baja,baja_a_sube,sube_a_baja,34,5,108.4,36.61,59.5
baja_a_sube|sube_a_baja,baja_a_sube,sube_a_baja,35,5,109.64,36.48,59.53
baja_a_sube|sube_a_baja,baja_a_sube,sube_a_baja,36,5,110.87,36.34,59.6
baja_a_sube|sube_a_baja,baja_a_sube,sube_a_baja,37,5,112.1,36.21,59.69
baja_a_sube|sube_a_baja,baja_a_sube,sube_a_baja,38,5,113.31,36.07,59.78
baja_a_sube|sube_a_baja,baja_a_sube,sube_a_baja,39,5,114.49,35.92,59.87
baja_a_sube|sube_a_baja,baja_a_sube,sube_a_baja,40,5,115.66,35.78,59.97
baja_a_sube|sube_a_baja,baja_a_sube,sube_a_baja,41,5,116.8,35.64,60.06
baja_a_sube|sube_a_baja,baja_a_sube,sube_a_baja,42,5,117.92,35.5,60.14
baja_a_sube|sube_a_baja,baja_a_sube,sube_a_baja,43,5,119.01,35.36,60.23
baja_a_sube|sube_a_baja,baja_a_sube,sube_a_baja,44,5,120.09,35.22,60.31
baja_a_sube|sube_a_baja,baja_a_sube,sube_a_baja,45,5,121.15,35.09,60.39
baja_a_sube|sube_a_baja,baja_a_sube,sube_a_baja,46,5,122.17,34.94,60.48
baja_a_sube|sube_a_baja,baja_a_sube,sube_a_baja,47,5,123.16,34.8,60.57
baja_a_sube|sube_a_baja,baja_a_sube,sube_a_baja,48,5,124.13,34.66,60.66
baja_a_sube|sube_a_baja,baja_a_sube,sube_a_baja,49,5,125.09,34.51,60.74
baja_a_sube|sube_a_baja,baja_a_sube,sube_a_baja,50,5,126.05,34.36,60.81
baja_a_sube|sube_a_baja,baja_a_sube,sube_a_baja,51,5,127.03,34.21,60.84
baja_a_sube|sube_a_baja,baja_a_sube,sube_a_baja,52,5,128.02,34.05,60.86
baja_a_sube|sube_a_baja,baja_a_sube,sube_a_baja,53,5,129.03,33.89,60.87
baja_a_sube|sube_a_baja,baja_a_sube,sube_a_baja,54,5,130.06,33.72,60.87
baja_a_sube|sube_a_baja,baja_a_sube,sube_a_baja,55,5,131.09,33.55,60.87
baja_a_sube|sube_a_baja,baja_a_sube,sube_a_baja,56,5,132.16,33.38,60.85
baja_a_sube|sube_a_baja,baja_a_sube,sube_a_baja,57,5,133.24,33.2,60.84
baja_a_sube|sube_a_baja,baja_a_sube,sube_a_baja,58,5,134.34,33.04,60.84
baja_a_sube|sube_a_baja,baja_a_sube,sube_a_baja,59,5,135.43,32.87,60.83
baja_a_sube|sube_a_baja,baja_a_sube,sube_a_baja,60,5,136.54,32.69,60.82
baja_a_sube|sube_a_baja,baja_a_sube,sube_a_baja,61,5,137.67,32.52,60.82
baja_a_sube|sube_a_baja,baja_a_sube,sube_a_baja,62,5,138.8,32.35,60.81
baja_a_sube|sube_a_baja,baja_a_sube,sube_a_baja,63,5,139.96,32.18,60.79
baja_a_sube|sube_a_baja,baja_a_sube,sube_a_baja,64,5,141.13,32.01,60.78
baja_a_sube|sube_a_baja,baja_a_sube,sube_a_baja,65,5,142.31,31.84,60.76
baja_a_sube|sube_a_baja,baja_a_sube,sube_a_baja,66,5,143.52,31.67,60.72
baja_a_sube|sube_a_baja,baja_a_sube,sube_a_baja,67,5,144.71,31.51,60.68
baja_a_sube|sube_a_baja,baja_a_sube,sube_a_baja,68,5,145.9,31.34,60.62
baja_a_sube|sube_a_baja,baja_a_sube,sube_a_baja,69,5,147.07,31.18,60.53
baja_a_sube|sube_a_baja,baja_a_sube,sube_a_baja,70,5,148.22,31.03,60.44
baja_a_sube|sube_a_baja,baja_a_sube,sube_a_baja,71,5,149.37,30.88,60.34
baja_a_sube|sube_a_baja,baja_a_sube,sube_a_baja,72,5,150.48,30.74,60.22
baja_a_sube|sube_a_baja,baja_a_sube,sube_a_baja,73,5,151.55,30.6,60.11
baja_a_sube|sube_a_baja,baja_a_sube,sube_a_baja,74,5,152.62,30.47,59.98
baja_a_sube|sube_a_baja,baja_a_sube,sube_a_baja,75,5,153.65,30.34,59.84
baja_a_sube|sube_a_baja,baja_a_sube,sube_a_baja,76,5,154.61,30.22,59.69
baja_a_sube|sube_a_baja,baja_a_sube,sube_a_baja,77,5,155.55,30.11,59.55
baja_a_sube|sube_a_baja,baja_a_sube,sube_a_baja,78,5,156.43,30.0,59.39
baja_a_sube|sube_a_baja,baja_a_sube,sube_a_baja,79,5,157.26,29.89,59.23
baja_a_sube|sube_a_baja,baja_a_sube,sube_a_baja,80,5,158.05,29.78,59.08
baja_a_sube|sube_a_baja,baja_a_sube,sube_a_baja,81,5,158.76,29.69,58.94
baja_a_sube|sube_a_baja,baja_a_sube,sube_a_baja,82,5,159.45,29.6,58.78
baja_a_sube|sube_a_baja,baja_a_sube,sube_a_baja,83,5,160.07,29.51,58.64
baja_a_sube|sube_a_baja,baja_a_sube,sube_a_baja,84,5,160.65,29.44,58.51
baja_a_sube|sube_a_baja,baja_a_sube,sube_a_baja,85,5,161.19,29.36,58.36
baja_a_sube|sube_a_baja,baja_a_sube,sube_a_baja,86,5,161.66,29.29,58.24
baja_a_sube|sube_a_baja,baja_a_sube,sube_a_baja,87,5,162.11,29.23,58.12
baja_a_sube|sube_a_baja,baja_a_sube,sube_a_baja,88,5,162.5,29.17,58.01
baja_a_sube|sube_a_baja,baja_a_sube,sube_a_baja,89,5,162.85,29.11,57.9
baja_a_sube|sube_a_baja,baja_a_sube,sube_a_baja,90,5,163.17,29.06,57.81
baja_a_sube|sube_a_baja,baja_a_sube,sube_a_baja,91,5,163.42,29.02,57.73
baja_a_sube|sube_a_baja,baja_a_sube,sube_a_baja,92,5,163.65,28.98,57.65
baja_a_sube|sube_a_baja,baja_a_sube,sube_a_baja,93,5,163.85,28.95,57.58
baja_a_sube|sube_a_baja,baja_a_sube,sube_a_baja,94,5,163.98,28.92,57.51
baja_a_sube|sube_a_baja,baja_a_sube,sube_a_baja,95,5,164.07,28.9,57.44
baja_a_sube|sube_a_baja,baja_a_sube,sube_a_baja,96,5,164.12,28.89,57.39
baja_a_sube|sube_a_baja,baja_a_sube,sube_a_baja,97,5,164.14,28.88,57.33
baja_a_sube|sube_a_baja,baja_a_sube,sube_a_baja,98,5,164.07,28.89,57.28
baja_a_sube|sube_a_baja,baja_a_sube,sube_a_baja,99,5,163.94,28.91,57.22
baja_a_sube|sube_a_baja,baja_a_sube,sube_a_baja,100,5,163.8,28.92,57.16
sube_a_baja|baja_a_sube,sube_a_baja,baja_a_sube,0,4,163.37,31.19,53.85
sube_a_baja|baja_a_sube,sube_a_baja,baja_a_sube,1,4,162.95,31.25,53.84
sube_a_baja|baja_a_sube,sube_a_baja,baja_a_sube,2,4,162.42,31.32,53.83
sube_a_baja|baja_a_sube,sube_a_baja,baja_a_sube,3,4,161.77,31.41,53.85
sube_a_baja|baja_a_sube,sube_a_baja,baja_a_sube,4,4,160.97,31.51,53.89
sube_a_baja|baja_a_sube,sube_a_baja,baja_a_sube,5,4,160.05,31.64,53.94
sube_a_baja|baja_a_sube,sube_a_baja,baja_a_sube,6,4,159.03,31.77,53.97
sube_a_baja|baja_a_sube,sube_a_baja,baja_a_sube,7,4,157.93,31.91,53.98
sube_a_baja|baja_a_sube,sube_a_baja,baja_a_sube,8,4,156.78,32.04,53.97
sube_a_baja|baja_a_sube,sube_a_baja,baja_a_sube,9,4,155.57,32.17,53.98
sube_a_baja|baja_a_sube,sube_a_baja,baja_a_sube,10,4,154.23,32.31,54.02
sube_a_baja|baja_a_sube,sube_a_baja,baja_a_sube,11,4,152.82,32.45,54.08
sube_a_baja|baja_a_sube,sube_a_baja,baja_a_sube,12,4,151.32,32.61,54.15
sube_a_baja|baja_a_sube,sube_a_baja,baja_a_sube,13,4,149.75,32.77,54.22
sube_a_baja|baja_a_sube,sube_a_baja,baja_a_sube,14,4,148.15,32.94,54.27
sube_a_baja|baja_a_sube,sube_a_baja,baja_a_sube,15,4,146.5,33.13,54.31
sube_a_baja|baja_a_sube,sube_a_baja,baja_a_sube,16,4,144.88,33.33,54.36
sube_a_baja|baja_a_sube,sube_a_baja,baja_a_sube,17,4,143.26,33.54,54.41
sube_a_baja|baja_a_sube,sube_a_baja,baja_a_sube,18,4,141.65,33.75,54.45
sube_a_baja|baja_a_sube,sube_a_baja,baja_a_sube,19,4,140.05,33.97,54.47
sube_a_baja|baja_a_sube,sube_a_baja,baja_a_sube,20,4,138.49,34.18,54.54
sube_a_baja|baja_a_sube,sube_a_baja,baja_a_sube,21,4,136.95,34.4,54.66
sube_a_baja|baja_a_sube,sube_a_baja,baja_a_sube,22,4,135.47,34.6,54.83
sube_a_baja|baja_a_sube,sube_a_baja,baja_a_sube,23,4,134.04,34.81,55.05
sube_a_baja|baja_a_sube,sube_a_baja,baja_a_sube,24,4,132.66,35.02,55.29
sube_a_baja|baja_a_sube,sube_a_baja,baja_a_sube,25,4,131.32,35.21,55.57
sube_a_baja|baja_a_sube,sube_a_baja,baja_a_sube,26,4,130.01,35.41,55.9
sube_a_baja|baja_a_sube,sube_a_baja,baja_a_sube,27,4,128.7,35.6,56.24
sube_a_baja|baja_a_sube,sube_a_baja,baja_a_sube,28,4,127.4,35.81,56.58
sube_a_baja|baja_a_sube,sube_a_baja,baja_a_sube,29,4,126.1,36.03,56.91
sube_a_baja|baja_a_sube,sube_a_baja,baja_a_sube,30,4,124.77,36.23,57.24
sube_a_baja|baja_a_sube,sube_a_baja,baja_a_sube,31,4,123.42,36.45,57.55
sube_a_baja|baja_a_sube,sube_a_baja,baja_a_sube,32,4,122.04,36.67,57.84
sube_a_baja|baja_a_sube,sube_a_baja,baja_a_sube,33,4,120.61,36.88,58.1
sube_a_baja|baja_a_sube,sube_a_baja,baja_a_sube,34,4,119.13,37.09,58.34
sube_a_baja|baja_a_sube,sube_a_baja,baja_a_sube,35,4,117.62,37.3,58.55
sube_a_baja|baja_a_sube,sube_a_baja,baja_a_sube,36,4,116.07,37.5,58.72
sube_a_baja|baja_a_sube,sube_a_baja,baja_a_sube,37,4,114.52,37.68,58.88
sube_a_baja|baja_a_sube,sube_a_baja,baja_a_sube,38,4,112.95,37.86,59.01
sube_a_baja|baja_a_sube,sube_a_baja,baja_a_sube,39,4,111.36,38.03,59.15
sube_a_baja|baja_a_sube,sube_a_baja,baja_a_sube,40,4,109.79,38.2,59.27
sube_a_baja|baja_a_sube,sube_a_baja,baja_a_sube,41,4,108.23,38.35,59.41
sube_a_baja|baja_a_sube,sube_a_baja,baja_a_sube,42,4,106.73,38.49,59.56
sube_a_baja|baja_a_sube,sube_a_baja,baja_a_sube,43,4,105.28,38.63,59.7
sube_a_baja|baja_a_sube,sube_a_baja,baja_a_sube,44,4,103.88,38.75,59.86
sube_a_baja|baja_a_sube,sube_a_baja,baja_a_sube,45,4,102.53,38.86,60.0
sube_a_baja|baja_a_sube,sube_a_baja,baja_a_sube,46,4,101.23,38.95,60.16
sube_a_baja|baja_a_sube,sube_a_baja,baja_a_sube,47,4,99.99,39.03,60.32
sube_a_baja|baja_a_sube,sube_a_baja,baja_a_sube,48,4,98.82,39.12,60.48
sube_a_baja|baja_a_sube,sube_a_baja,baja_a_sube,49,4,97.72,39.2,60.65
sube_a_baja|baja_a_sube,sube_a_baja,baja_a_sube,50,4,96.67,39.26,60.83
sube_a_baja|baja_a_sube,sube_a_baja,baja_a_sube,51,4,95.71,39.33,61.02
sube_a_baja|baja_a_sube,sube_a_baja,baja_a_sube,52,4,94.78,39.4,61.19
sube_a_baja|baja_a_sube,sube_a_baja,baja_a_sube,53,4,93.88,39.48,61.35
sube_a_baja|baja_a_sube,sube_a_baja,baja_a_sube,54,4,93.02,39.55,61.5
sube_a_baja|baja_a_sube,sube_a_baja,baja_a_sube,55,4,92.17,39.62,61.64
sube_a_baja|baja_a_sube,sube_a_baja,baja_a_sube,56,4,91.37,39.7,61.77
sube_a_baja|baja_a_sube,sube_a_baja,baja_a_sube,57,4,90.59,39.76,61.89
sube_a_baja|baja_a_sube,sube_a_baja,baja_a_sube,58,4,89.85,39.81,62.02
sube_a_baja|baja_a_sube,sube_a_baja,baja_a_sube,59,4,89.14,39.86,62.13
sube_a_baja|baja_a_sube,sube_a_baja,baja_a_sube,60,4,88.47,39.89,62.25
sube_a_baja|baja_a_sube,sube_a_baja,baja_a_sube,61,4,87.82,39.92,62.37
sube_a_baja|baja_a_sube,sube_a_baja,baja_a_sube,62,4,87.25,39.95,62.48
sube_a_baja|baja_a_sube,sube_a_baja,baja_a_sube,63,4,86.71,39.97,62.59
sube_a_baja|baja_a_sube,sube_a_baja,baja_a_sube,64,4,86.22,39.99,62.68
sube_a_baja|baja_a_sube,sube_a_baja,baja_a_sube,65,4,85.79,40.02,62.79
sube_a_baja|baja_a_sube,sube_a_baja,baja_a_sube,66,4,85.38,40.04,62.9
sube_a_baja|baja_a_sube,sube_a_baja,baja_a_sube,67,4,85.0,40.06,63.0
sube_a_baja|baja_a_sube,sube_a_baja,baja_a_sube,68,4,84.66,40.09,63.09
sube_a_baja|baja_a_sube,sube_a_baja,baja_a_sube,69,4,84.31,40.12,63.17
sube_a_baja|baja_a_sube,sube_a_baja,baja_a_sube,70,4,83.99,40.14,63.23
sube_a_baja|baja_a_sube,sube_a_baja,baja_a_sube,71,4,83.67,40.17,63.29
sube_a_baja|baja_a_sube,sube_a_baja,baja_a_sube,72,4,83.34,40.2,63.34
sube_a_baja|baja_a_sube,sube_a_baja,baja_a_sube,73,4,83.03,40.23,63.38
sube_a_baja|baja_a_sube,sube_a_baja,baja_a_sube,74,4,82.73,40.26,63.43
sube_a_baja|baja_a_sube,sube_a_baja,baja_a_sube,75,4,82.42,40.29,63.47
sube_a_baja|baja_a_sube,sube_a_baja,baja_a_sube,76,4,82.12,40.31,63.51
sube_a_baja|baja_a_sube,sube_a_baja,baja_a_sube,77,4,81.83,40.33,63.55
sube_a_baja|baja_a_sube,sube_a_baja,baja_a_sube,78,4,81.58,40.35,63.61
sube_a_baja|baja_a_sube,sube_a_baja,baja_a_sube,79,4,81.34,40.36,63.65
sube_a_baja|baja_a_sube,sube_a_baja,baja_a_sube,80,4,81.11,40.37,63.71
sube_a_baja|baja_a_sube,sube_a_baja,baja_a_sube,81,4,80.9,40.38,63.77
sube_a_baja|baja_a_sube,sube_a_baja,baja_a_sube,82,4,80.69,40.37,63.82
sube_a_baja|baja_a_sube,sube_a_baja,baja_a_sube,83,4,80.5,40.37,63.87
sube_a_baja|baja_a_sube,sube_a_baja,baja_a_sube,84,4,80.32,40.36,63.91
sube_a_baja|baja_a_sube,sube_a_baja,baja_a_sube,85,4,80.15,40.34,63.94
sube_a_baja|baja_a_sube,sube_a_baja,baja_a_sube,86,4,79.99,40.33,63.97
sube_a_baja|baja_a_sube,sube_a_baja,baja_a_sube,87,4,79.84,40.31,63.98
sube_a_baja|baja_a_sube,sube_a_baja,baja_a_sube,88,4,79.68,40.28,64.0
sube_a_baja|baja_a_sube,sube_a_baja,baja_a_sube,89,4,79.51,40.26,64.02
sube_a_baja|baja_a_sube,sube_a_baja,baja_a_sube,90,4,79.38,40.23,64.02
sube_a_baja|baja_a_sube,sube_a_baja,baja_a_sube,91,4,79.25,40.2,64.03
sube_a_baja|baja_a_sube,sube_a_baja,baja_a_sube,92,4,79.14,40.17,64.01
sube_a_baja|baja_a_sube,sube_a_baja,baja_a_sube,93,4,79.06,40.14,63.99
sube_a_baja|baja_a_sube,sube_a_baja,baja_a_sube,94,4,79.0,40.12,63.95
sube_a_baja|baja_a_sube,sube_a_baja,baja_a_sube,95,4,78.98,40.09,63.91
sube_a_baja|baja_a_sube,sube_a_baja,baja_a_sube,96,4,78.98,40.06,63.87
sube_a_baja|baja_a_sube,sube_a_baja,baja_a_sube,97,4,79.01,40.04,63.83
sube_a_baja|baja_a_sube,sube_a_baja,baja_a_sube,98,4,79.09,40.02,63.78
sube_a_baja|baja_a_sube,sube_a_baja,baja_a_sube,99,4,79.22,40.0,63.73
sube_a_baja|baja_a_sube,sube_a_baja,baja_a_sube,100,4,79.44,39.98,63.69
